{
    "loss": 23.76900291442871,
    "accuracy": 0.8530470728874207
}